{"cameraMode":{"drawMode":0,"name":"Shaded","section":"Shading Mode"},"sceneLighting":false,"audioPlay":false,"sceneViewState":{"showFog":true,"showMaterialUpdate":false,"showSkybox":true,"showFlares":true,"showImageEffects":true,"showParticleSystems":true},"in2DMode":false,"pivot":{"x":-0.831440806388855,"y":4.658624649047852,"z":0.5876395106315613},"rotation":{"x":0.03149322047829628,"y":0.010494736954569817,"z":-0.00032812473364174366,"w":0.9994499087333679},"size":13.490800857543946,"orthographic":false}